{"cameraMode":{"drawMode":0,"name":"Shaded","section":"Shading Mode"},"sceneLighting":false,"audioPlay":false,"sceneViewState":{"showFog":true,"showMaterialUpdate":false,"showSkybox":true,"showFlares":true,"showImageEffects":true,"showParticleSystems":true},"in2DMode":false,"pivot":{"x":5.0842814445495609,"y":-17.542869567871095,"z":20.509876251220704},"rotation":{"x":-0.23916727304458619,"y":0.0052373893558979038,"z":-0.0013026618398725987,"w":-0.970970630645752},"size":10.016436576843262,"orthographic":false}