{"cameraMode":{"drawMode":0,"name":"Shaded","section":"Shading Mode"},"sceneLighting":false,"audioPlay":false,"sceneViewState":{"showFog":true,"showMaterialUpdate":false,"showSkybox":true,"showFlares":true,"showImageEffects":true,"showParticleSystems":true},"in2DMode":false,"pivot":{"x":-33.605709075927737,"y":-20.478363037109376,"z":90.73849487304688},"rotation":{"x":0.32472285628318789,"y":-0.2938297390937805,"z":0.10688937455415726,"w":0.8926345705986023},"size":33.98537063598633,"orthographic":false}