{"cameraMode":{"drawMode":0,"name":"Shaded","section":"Shading Mode"},"sceneLighting":false,"audioPlay":false,"sceneViewState":{"showFog":true,"showMaterialUpdate":false,"showSkybox":true,"showFlares":true,"showImageEffects":true,"showParticleSystems":true},"in2DMode":false,"pivot":{"x":4.442151069641113,"y":-6.987223148345947,"z":5.326152801513672},"rotation":{"x":-0.3909325897693634,"y":0.18920883536338807,"z":-0.08247828483581543,"w":-0.896985650062561},"size":9.26293659210205,"orthographic":false}