{"cameraMode":{"drawMode":0,"name":"Shaded","section":"Shading Mode"},"sceneLighting":false,"audioPlay":false,"sceneViewState":{"showFog":true,"showMaterialUpdate":false,"showSkybox":true,"showFlares":true,"showImageEffects":true,"showParticleSystems":true},"in2DMode":false,"pivot":{"x":27.90668296813965,"y":-13.55274486541748,"z":-32.49000549316406},"rotation":{"x":-0.018103277310729028,"y":-0.9408278465270996,"z":0.050858691334724429,"w":-0.3345981240272522},"size":47.68564224243164,"orthographic":false}