{"cameraMode":{"drawMode":0,"name":"Shaded","section":"Shading Mode"},"sceneLighting":false,"audioPlay":false,"sceneViewState":{"showFog":true,"showMaterialUpdate":false,"showSkybox":true,"showFlares":true,"showImageEffects":true,"showParticleSystems":true},"in2DMode":false,"pivot":{"x":5.907243728637695,"y":6.567221164703369,"z":-7.175334930419922},"rotation":{"x":-0.2946454584598541,"y":-0.11915233731269837,"z":0.03704466670751572,"w":-0.9474328756332398},"size":14.926536560058594,"orthographic":false}