{"cameraMode":{"drawMode":0,"name":"Shaded","section":"Shading Mode"},"sceneLighting":false,"audioPlay":false,"sceneViewState":{"showFog":true,"showMaterialUpdate":false,"showSkybox":true,"showFlares":true,"showImageEffects":true,"showParticleSystems":true},"in2DMode":false,"pivot":{"x":-0.8533488512039185,"y":-19.167449951171876,"z":124.7562255859375},"rotation":{"x":-0.07341558486223221,"y":0.027817336842417718,"z":-0.002060714177787304,"w":-0.9969190359115601},"size":5.527929306030273,"orthographic":false}