{"cameraMode":{"drawMode":0,"name":"Shaded","section":"Shading Mode"},"sceneLighting":false,"audioPlay":false,"sceneViewState":{"showFog":true,"showMaterialUpdate":false,"showSkybox":false,"showFlares":true,"showImageEffects":true,"showParticleSystems":true},"in2DMode":false,"pivot":{"x":-2.4000000953674318,"y":-9.899999618530274,"z":1.2999999523162842},"rotation":{"x":-0.14955398440361024,"y":0.6515368819236755,"z":-0.1331646740436554,"w":-0.731718897819519},"size":1.657883882522583,"orthographic":false}