{"cameraMode":{"drawMode":0,"name":"Shaded","section":"Shading Mode"},"sceneLighting":false,"audioPlay":false,"sceneViewState":{"showFog":true,"showMaterialUpdate":false,"showSkybox":true,"showFlares":true,"showImageEffects":true,"showParticleSystems":true},"in2DMode":false,"pivot":{"x":4.579334259033203,"y":3.515260696411133,"z":2.867558240890503},"rotation":{"x":-0.10509628057479859,"y":-0.4325349032878876,"z":0.05083258077502251,"w":-0.8940357565879822},"size":19.803083419799806,"orthographic":false}