{"cameraMode":{"drawMode":0,"name":"Shaded","section":"Shading Mode"},"sceneLighting":false,"audioPlay":false,"sceneViewState":{"showFog":true,"showMaterialUpdate":false,"showSkybox":true,"showFlares":true,"showImageEffects":true,"showParticleSystems":true},"in2DMode":false,"pivot":{"x":-3.5161585807800295,"y":-31.68667984008789,"z":114.05028533935547},"rotation":{"x":-0.2561441957950592,"y":0.455196738243103,"z":-0.1385822892189026,"w":-0.8414251804351807},"size":-0.9709164500236511,"orthographic":false}