{"cameraMode":{"drawMode":0,"name":"Shaded","section":"Shading Mode"},"sceneLighting":false,"audioPlay":false,"sceneViewState":{"showFog":true,"showMaterialUpdate":false,"showSkybox":true,"showFlares":true,"showImageEffects":true,"showParticleSystems":true},"in2DMode":false,"pivot":{"x":7.415502548217773,"y":8.218626976013184,"z":-6.3871331214904789},"rotation":{"x":-0.2946454584598541,"y":-0.11915233731269837,"z":0.03704466670751572,"w":-0.9474328756332398},"size":5.378526210784912,"orthographic":false}