{"cameraMode":{"drawMode":0,"name":"Shaded","section":"Shading Mode"},"sceneLighting":false,"audioPlay":false,"sceneViewState":{"showFog":true,"showMaterialUpdate":false,"showSkybox":true,"showFlares":true,"showImageEffects":true,"showParticleSystems":true},"in2DMode":false,"pivot":{"x":8.182392120361329,"y":-7.541699409484863,"z":14.432076454162598},"rotation":{"x":-0.3909325897693634,"y":0.18920883536338807,"z":-0.08247828483581543,"w":-0.896985650062561},"size":13.503206253051758,"orthographic":false}