{"cameraMode":{"drawMode":0,"name":"Shaded","section":"Shading Mode"},"sceneLighting":true,"audioPlay":false,"sceneViewState":{"showFog":true,"showMaterialUpdate":false,"showSkybox":true,"showFlares":true,"showImageEffects":true,"showParticleSystems":true},"in2DMode":false,"pivot":{"x":-104.048583984375,"y":-202.84898376464845,"z":669.7864990234375},"rotation":{"x":-0.15777048468589784,"y":0.0837235078215599,"z":-0.01344108022749424,"w":-0.9838358759880066},"size":767.2206420898438,"orthographic":false}