{"cameraMode":{"drawMode":0,"name":"Shaded","section":"Shading Mode"},"sceneLighting":true,"audioPlay":false,"sceneViewState":{"showFog":true,"showMaterialUpdate":false,"showSkybox":true,"showFlares":true,"showImageEffects":true,"showParticleSystems":true},"in2DMode":false,"pivot":{"x":-295.53729248046877,"y":-181.01126098632813,"z":610.2944946289063},"rotation":{"x":-0.1338399052619934,"y":0.22908425331115724,"z":-0.03183254972100258,"w":-0.9636435508728027},"size":724.257080078125,"orthographic":false}