{"cameraMode":{"drawMode":0,"name":"Shaded","section":"Shading Mode"},"sceneLighting":false,"audioPlay":false,"sceneViewState":{"showFog":true,"showMaterialUpdate":false,"showSkybox":false,"showFlares":true,"showImageEffects":true,"showParticleSystems":true},"in2DMode":false,"pivot":{"x":-2.3703269958496095,"y":2.3151872158050539,"z":-2.196117401123047},"rotation":{"x":0.05963969975709915,"y":-0.6849961280822754,"z":0.05643371865153313,"w":0.7239076495170593},"size":2.805011034011841,"orthographic":true}