{"cameraMode":{"drawMode":0,"name":"Shaded","section":"Shading Mode"},"sceneLighting":false,"audioPlay":false,"sceneViewState":{"showFog":true,"showMaterialUpdate":false,"showSkybox":true,"showFlares":true,"showImageEffects":true,"showParticleSystems":true},"in2DMode":false,"pivot":{"x":156.2657470703125,"y":-92.97632598876953,"z":121.33146667480469},"rotation":{"x":-0.19219891726970673,"y":-0.40710145235061648,"z":0.08804196119308472,"w":-0.8885892629623413},"size":225.58363342285157,"orthographic":false}