{"cameraMode":{"drawMode":0,"name":"Shaded","section":"Shading Mode"},"sceneLighting":true,"audioPlay":false,"sceneViewState":{"showFog":false,"showMaterialUpdate":false,"showSkybox":false,"showFlares":false,"showImageEffects":false,"showParticleSystems":false},"in2DMode":false,"pivot":{"x":2.6596741676330568,"y":-11.998090744018555,"z":13.698719024658204},"rotation":{"x":-0.17974460124969483,"y":0.10659722238779068,"z":-0.019596993923187257,"w":-0.9777249097824097},"size":35.98484420776367,"orthographic":false}