{"cameraMode":{"drawMode":0,"name":"Shaded","section":"Shading Mode"},"sceneLighting":false,"audioPlay":false,"sceneViewState":{"showFog":false,"showMaterialUpdate":false,"showSkybox":false,"showFlares":false,"showImageEffects":false,"showParticleSystems":false},"in2DMode":false,"pivot":{"x":2.3449034690856935,"y":-2.2419915199279787,"z":5.893080711364746},"rotation":{"x":-0.07445330172777176,"y":0.1436852216720581,"z":-0.010841554962098599,"w":-0.9867600798606873},"size":2.441776990890503,"orthographic":false}