{"cameraMode":{"drawMode":0,"name":"Shaded","section":"Shading Mode"},"sceneLighting":false,"audioPlay":false,"sceneViewState":{"showFog":false,"showMaterialUpdate":false,"showSkybox":false,"showFlares":false,"showImageEffects":false,"showParticleSystems":false},"in2DMode":false,"pivot":{"x":20.81999969482422,"y":3.309999942779541,"z":0.0},"rotation":{"x":0.06996306031942368,"y":0.06936955451965332,"z":0.004876939579844475,"w":-0.9951233267784119},"size":23.418378829956056,"orthographic":false}