{"cameraMode":{"drawMode":0,"name":"Shaded","section":"Shading Mode"},"sceneLighting":false,"audioPlay":false,"sceneViewState":{"showFog":false,"showMaterialUpdate":false,"showSkybox":false,"showFlares":false,"showImageEffects":false,"showParticleSystems":false},"in2DMode":false,"pivot":{"x":25.5,"y":1.5299999713897706,"z":-3.9000003337860109},"rotation":{"x":0.06996306031942368,"y":0.06936955451965332,"z":0.004876939579844475,"w":-0.9951233267784119},"size":25.357341766357423,"orthographic":false}