{"cameraMode":{"drawMode":0,"name":"Shaded","section":"Shading Mode"},"sceneLighting":false,"audioPlay":false,"sceneViewState":{"showFog":false,"showMaterialUpdate":false,"showSkybox":false,"showFlares":false,"showImageEffects":false,"showParticleSystems":false},"in2DMode":false,"pivot":{"x":-2.4000000953674318,"y":-9.899999618530274,"z":1.2999999523162842},"rotation":{"x":0.06996306031942368,"y":0.06936955451965332,"z":0.004876939579844475,"w":-0.9951233267784119},"size":2.8578836917877199,"orthographic":false}