{"cameraMode":{"drawMode":0,"name":"Shaded","section":"Shading Mode"},"sceneLighting":false,"audioPlay":false,"sceneViewState":{"showFog":false,"showMaterialUpdate":false,"showSkybox":false,"showFlares":false,"showImageEffects":false,"showParticleSystems":false},"in2DMode":false,"pivot":{"x":31.299999237060548,"y":7.340000152587891,"z":-14.5},"rotation":{"x":0.06996306031942368,"y":0.06936955451965332,"z":0.004876939579844475,"w":-0.9951233267784119},"size":36.932003021240237,"orthographic":false}