{"cameraMode":{"drawMode":0,"name":"Shaded","section":"Shading Mode"},"sceneLighting":false,"audioPlay":false,"sceneViewState":{"showFog":false,"showMaterialUpdate":false,"showSkybox":false,"showFlares":false,"showImageEffects":false,"showParticleSystems":false},"in2DMode":false,"pivot":{"x":27.099998474121095,"y":2.5999999046325685,"z":-33.900001525878909},"rotation":{"x":0.06996306031942368,"y":0.06936955451965332,"z":0.004876939579844475,"w":-0.9951233267784119},"size":17.305343627929689,"orthographic":false}