{"cameraMode":{"drawMode":0,"name":"Shaded","section":"Shading Mode"},"sceneLighting":true,"audioPlay":false,"sceneViewState":{"showFog":true,"showMaterialUpdate":false,"showSkybox":true,"showFlares":true,"showImageEffects":true,"showParticleSystems":true},"in2DMode":false,"pivot":{"x":5.702601432800293,"y":2.9771060943603517,"z":16.209867477416993},"rotation":{"x":-0.07310639321804047,"y":0.03200584650039673,"z":-0.002347294008359313,"w":-0.9968080520629883},"size":10.0,"orthographic":false}